{
	"format_version": "1.8.0",
	"animations": {
		"animation.player.scripts": {
			"animation_length": 0.01,
			"bones": {
				"root": {
					"scale": "1; t.is_local_player = q.is_local_player; return t.is_local_player;"
				}
			}
		},
		"animation.player.spawn_setup": {
			"animation_length": 0.8333,
			"override_previous_animation": true,
			"bones": {
				"body": {
					"position": {
						"0.25": [0, -25, 0],
						"0.4583": [0, 0, 0]
					},
					"scale": {
						"0.25": [0, 0, 0],
						"0.3333": [1, 1, 1]
					}
				},
				"head": {
					"position": {
						"0.375": [0, -36, 0],
						"0.5833": [0, 0, 0]
					},
					"scale": {
						"0.375": [0, 0, 0],
						"0.4583": [1, 1, 1]
					}
				},
				"leftArm": {
					"position": {
						"0.625": [0, -27, 0],
						"0.8333": [0, 0, 0]
					},
					"scale": {
						"0.625": [0, 0, 0],
						"0.7083": [1, 1, 1]
					}
				},
				"rightArm": {
					"position": {
						"0.5": [0, -26, 0],
						"0.7083": [0, 0, 0]
					},
					"scale": {
						"0.5": [0, 0, 0],
						"0.5833": [1, 1, 1]
					}
				},
				"leftLeg": {
					"position": {
						"0.125": [0, -15, 0],
						"0.3333": [0, 0, 0]
					},
					"scale": {
						"0.125": [0, 0, 0],
						"0.2083": [1, 1, 1]
					}
				},
				"rightLeg": {
					"position": {
						"0.0": [0, -15, 0],
						"0.25": [0, 0, 0]
					},
					"scale": {
						"0.0": [0, 0, 0],
						"0.0833": [1, 1, 1]
					}
				}
			}
		},
		"animation.player.afk": {
			"animation_length": 3.75,
			"override_previous_animation": true,
			"bones": {
				"body": {
					"rotation": {
						"0.2083": [0, 0, 0],
						"0.6667": [-5.59, 0, 0],
						"1.625": [-10, 0, 0],
						"2.8333": [-10, 0, 0],
						"3.0417": [0, 0, 0]
					},
					"position": {
						"0.0": [0, 0, 0],
						"0.1667": [0.5, 0, 0],
						"0.2083": [0.5, 0, 0],
						"0.6667": [0.5, 0, 1.09],
						"1.6667": [0.5, 0, 2],
						"2.8333": [0.5, 0, 2],
						"3.0417": [0, 0, 0]
					}
				},
				"head": {
					"rotation": {
						"0.5": [0, 0, 0],
						"1.5": [5, 0, 0],
						"2.8333": [5, 0, 0],
						"3.3333": [0, 0, 0]
					},
					"position": [0, 0, 0]
				},
				"leftArm": {
					"rotation": {
						"0.0": [0, 0, 0],
						"0.3333": [-92.6831, 26.98984, 13.51297],
						"0.5833": [-92.25, 25.11, 13.69],
						"1.4583": [-92, 24, 13.8],
						"2.25": [-85, 24, 13.8],
						"2.8333": [-85, 24, 13.8],
						"3.3333": [0, 0, 0]
					},
					"position": {
						"0.1667": [0, 0, 0],
						"0.3333": [0, 0, -2],
						"0.5833": [-0.65, 0, -4.62],
						"1.4167": [-1, 0, -6],
						"2.8333": [-1, 0, -6],
						"3.3333": [0, 0, 0]
					}
				},
				"rightArm": {
					"rotation": {
						"0.0": [0, 0, 0],
						"0.3333": [-92.62725, -24.49252, -13.64153],
						"0.5833": [-92.63, -24.49, -13.64],
						"1.4583": [-92.63, -24.49, -13.64],
						"2.25": [-85.06352, -24.49, -13.64],
						"2.8333": [-85.06, -24.49, -13.64],
						"3.3333": [0, 0, 0]
					},
					"position": {
						"0.2083": [0, 0, 0],
						"0.3333": [0, 0, -2],
						"0.5833": [0.66, 0, -4.52],
						"1.4583": [1, 0, -6],
						"2.8333": [1, 0, -6],
						"3.3333": [0, 0, 0]
					}
				},
				"leftLeg": {
					"rotation": {
						"0.0": [0, 0, 0],
						"0.1667": [0, 0, -2.5],
						"3.3333": [0, 0, -2.5],
						"3.625": [0, 0, 0]
					},
					"position": {
						"0.0": [0, 0, 0],
						"0.1667": [1, 0, 0],
						"3.3333": [1, 0, 0],
						"3.625": [0, 0, 0]
					}
				},
				"rightLeg": {
					"rotation": {
						"0.0": [0, 0, 0],
						"0.1667": [0, 0, 2.5],
						"3.3333": [0, 0, 2.5],
						"3.625": [0, 0, 0]
					}
				}
			}
		},
		"animation.player.got_a_combo": {
			"loop": true,
			"sound_effects": {
				"0.0": {
					"effect": "coin_combo_sfx"
				}
			}
		},
		"animation.player.zuera": {
			"loop": true,
			"bones": {
				"rightItem": {
					"scale": 10
				},
				"leftItem": {
					"scale": 10
				}
			}
		},
		"animation.player.parado": {
			"loop": true,
			"animation_length": 4.0833,
			"start_delay": 0.1,
			"loop_delay": 1,
			"bones": {
				"head": {
					"rotation": {
						"0.0": ["query.target_x_rotation", "query.target_y_rotation", 0],
						"1.0": [-0.83, "query.target_y_rotation", 0],
						"2.0": ["-2.5+query.target_x_rotation", "query.target_y_rotation", 0],
						"3.3333": [-0.52, "query.target_y_rotation", 0],
						"4.0": ["query.target_x_rotation", "query.target_y_rotation", 0]
					}
				},
				"leftArm": {
					"rotation": {
						"0.0": [0, 0, 0],
						"0.6667": [0, 0, -3.13],
						"1.375": [0, 0, -5.93],
						"1.8333": [0, 0, -7.5],
						"2.7083": [0, 0, -4.24],
						"3.2917": [0, 0, -2.5],
						"4.0833": [0, 0, 0]
					}
				},
				"rightArm": {
					"rotation": {
						"0.0": [0, 0, 0],
						"0.6667": [0, 0, 3.13],
						"1.375": [0, 0, 5.93],
						"1.8333": [0, 0, 7.5],
						"2.7083": [0, 0, 4.24],
						"3.2917": [0, 0, 2.5],
						"4.0833": [0, 0, 0]
					}
				}
			}
		},
		"animation.player.andando": {
			"animation_length": 1.9583,
			"bones": {
				"root": {
					"position": {
						"0.0": [0, 0, 0],
						"0.5833": [0, -0.2, 0],
						"1.0": [0, 0, 0],
						"1.375": [0, -0.2, 0],
						"1.875": [0, 0, 0]
					}
				},
				"leftArm": {
					"rotation": {
						"0.0": [0, 0, 0],
						"0.5833": [-7.5, 0, 0],
						"1.3333": [7.5, 0, 0],
						"1.875": [0, 0, 0]
					}
				},
				"rightArm": {
					"rotation": {
						"0.0": [0, 0, 0],
						"0.5833": [7.5, 0, 0],
						"1.3333": [-7.5, 0, 0],
						"1.875": [0, 0, 0]
					}
				},
				"leftLeg": {
					"rotation": {
						"0.0": [0, 0, 0],
						"0.5833": [7.5, 0, 0],
						"1.3333": [-7.5, 0, 0],
						"1.875": [0, 0, 0]
					}
				},
				"rightLeg": {
					"rotation": {
						"0.0": [0, 0, 0],
						"0.5833": [-7.5, 0, 0],
						"1.3333": [7.5, 0, 0],
						"1.875": [0, 0, 0]
					}
				}
			}
		}
	}
}