{
    "format_version": "1.8.0",
    "animations": {
        "animation.player.3p_afk1": {
            "animation_length": 3.75,
            "override_previous_animation": true,
            "bones": {
                "body": {
                    "rotation": {
                        "0.208": [0, 0, 0],
                        "0.667": [-5.59, 0, 0],
                        "1.625": [-10, 0, 0],
                        "2.833": [-10, 0, 0],
                        "3.041": [0, 0, 0]
                    },
                    "position": {
                        "0.0": [0, 0, 0],
                        "0.167": [0.5, 0, 0],
                        "0.208": [0.5, 0, 0],
                        "0.667": [0.5, 0, 1.09],
                        "1.667": [0.5, 0, 2],
                        "2.833": [0.5, 0, 2],
                        "3.041": [0, 0, 0]
                    }
                },
                "head": {
                    "rotation": {
                        "0.5": [0, 0, 0],
                        "1.5": [5, 0, 0],
                        "2.833": [5, 0, 0],
                        "3.333": [0, 0, 0]
                    },
                    "position": [0, 0, 0]
                },
                "leftArm": {
                    "rotation": {
                        "0.0": [0, 0, 0],
                        "0.333": [-92.6831, 26.98984, 13.51297],
                        "0.583": [-92.25, 25.11, 13.69],
                        "1.458": [-92, 24, 13.8],
                        "2.25": [-85, 24, 13.8],
                        "2.833": [-85, 24, 13.8],
                        "3.333": [0, 0, 0]
                    },
                    "position": {
                        "0.167": [0, 0, 0],
                        "0.333": [0, 0, -2],
                        "0.583": [-0.65, 0, -4.62],
                        "1.416": [-1, 0, -6],
                        "2.833": [-1, 0, -6],
                        "3.333": [0, 0, 0]
                    }
                },
                "rightArm": {
                    "rotation": {
                        "0.0": [0, 0, 0],
                        "0.333": [-92.62725, -24.49252, -13.64153],
                        "0.583": [-92.63, -24.49, -13.64],
                        "1.458": [-92.63, -24.49, -13.64],
                        "2.25": [-85.06352, -24.49, -13.64],
                        "2.833": [-85.06, -24.49, -13.64],
                        "3.333": [0, 0, 0]
                    },
                    "position": {
                        "0.208": [0, 0, 0],
                        "0.333": [0, 0, -2],
                        "0.583": [0.66, 0, -4.52],
                        "1.458": [1, 0, -6],
                        "2.833": [1, 0, -6],
                        "3.333": [0, 0, 0]
                    }
                },
                "leftLeg": {
                    "rotation": {
                        "0.0": [0, 0, 0],
                        "0.167": [0, 0, -2.5],
                        "3.333": [0, 0, -2.5],
                        "3.625": [0, 0, 0]
                    },
                    "position": {
                        "0.0": [0, 0, 0],
                        "0.167": [1, 0, 0],
                        "3.333": [1, 0, 0],
                        "3.625": [0, 0, 0]
                    }
                },
                "rightLeg": {
                    "rotation": {
                        "0.0": [0, 0, 0],
                        "0.167": [0, 0, 2.5],
                        "3.333": [0, 0, 2.5],
                        "3.625": [0, 0, 0]
                    }
                }
            }
        },
        "animation.player.3p_parado": {
			"loop": true,
			"animation_length": 4.0833,
			"start_delay": 0.1,
			"loop_delay": 1,
			"bones": {
				"head": {
					"rotation": {
						"0.0": [0, 0, 0],
						"1.0": [-0.83, 0, 0],
						"2.0": [-2.5, 0, 0],
						"3.333": [-0.52, 0, 0],
						"4.0": [0, 0, 0]
					}
				},
				"leftArm": {
					"rotation": {
						"0.0": [0, 0, 0],
						"0.666": [0, 0, -3.13],
						"1.375": [0, 0, -5.93],
						"1.833": [0, 0, -7.5],
						"2.708": [0, 0, -4.24],
						"3.291": [0, 0, -2.5],
						"4.083": [0, 0, 0]
					}
				},
				"rightArm": {
					"rotation": {
						"0.0": [0, 0, 0],
						"0.666": [0, 0, 3.13],
						"1.375": [0, 0, 5.93],
						"1.833": [0, 0, 7.5],
						"2.708": [0, 0, 4.24],
						"3.291": [0, 0, 2.5],
						"4.083": [0, 0, 0]
					}
				}
			}
		},
		"animation.player.3p_agachado": {
			"loop": true,
            "animation_length": 0.1,
			"bones": {
				"body": {
					"rotation": [7.5, 0, 0],
					"position": [0, -1, -1]
				}
			}
		},
		"animation.player.3p_andando_agachado": {
			"loop": true,
			"animation_length": 4,
			"bones": {
				"root": {
					"position": {
						"0.0": [0, 0, 0],
						"0.5833": [0, -0.2, 0],
						"1.0": [0, 0, 0],
						"1.375": [0, -0.2, 0],
						"1.875": [0, 0, 0]
					}
				},
				"leftArm": {
					"rotation": {
						"0.0": [0, 0, 0],
						"1.0417": [-37.5, 0, 0],
						"3.0": [37.5, 0, 0],
						"3.9167": [0, 0, 0]
					}
				},
				"rightArm": {
					"rotation": {
						"0.0": [0, 0, 0],
						"1.0417": [37.5, 0, 0],
						"2.9583": [-37.5, 0, 0],
						"3.9167": [0, 0, 0]
					}
				},
				"leftLeg": {
					"rotation": {
						"0.0": [0, 0, 0],
						"1.0833": [37.5, 0, 0],
						"3.0417": [-37.5, 0, 0],
						"3.9583": [0, 0, 0]
					}
				},
				"rightLeg": {
					"rotation": {
						"0.0": [0, 0, 0],
						"1.0833": [-37.5, 0, 0],
						"3.0": [37.5, 0, 0],
						"3.9583": [0, 0, 0]
					}
				}
			}
		},
        "animation.player.3p_spawn_setup": {
			"animation_length": 0.8333,
			"override_previous_animation": true,
			"bones": {
				"body": {
					"position": {
						"0.25": [0, -25, 0],
						"0.458": [0, 0, 0]
					},
					"scale": {
						"0.25": [0, 0, 0],
						"0.333": [1, 1, 1]
					}
				},
				"head": {
					"position": {
						"0.375": [0, -36, 0],
						"0.583": [0, 0, 0]
					},
					"scale": {
						"0.375": [0, 0, 0],
						"0.458": [1, 1, 1]
					}
				},
				"leftArm": {
					"position": {
						"0.625": [0, -27, 0],
						"0.833": [0, 0, 0]
					},
					"scale": {
						"0.625": [0, 0, 0],
						"0.708": [1, 1, 1]
					}
				},
				"rightArm": {
					"position": {
						"0.5": [0, -26, 0],
						"0.708": [0, 0, 0]
					},
					"scale": {
						"0.5": [0, 0, 0],
						"0.583": [1, 1, 1]
					}
				},
				"leftLeg": {
					"position": {
						"0.125": [0, -15, 0],
						"0.333": [0, 0, 0]
					},
					"scale": {
						"0.125": [0, 0, 0],
						"0.208": [1, 1, 1]
					}
				},
				"rightLeg": {
					"position": {
						"0.0": [0, -15, 0],
						"0.25": [0, 0, 0]
					},
					"scale": {
						"0.0": [0, 0, 0],
						"0.083": [1, 1, 1]
					}
				}
			}
		}
    }
}